Price,Close,High,Low,Open,Volume
Ticker,BABA,BABA,BABA,BABA,BABA
Date,,,,,
2020-01-02,208.7144775390625,208.9139053771762,205.64695220643736,205.7039460799515,15873500
2020-01-03,206.0838165283203,207.22630240410257,205.1436132545173,205.4665205702207,8604500
2020-01-06,205.74192810058594,206.2357735674345,203.32020290667376,204.07996181924173,11885500
2020-01-07,206.68214416503906,207.9262423968381,205.7894284744116,206.69163589897454,9388000
2020-01-08,207.03350830078125,209.55019423364737,205.43802766965,205.70394110817188,11959100
2020-01-09,210.62335205078125,211.85795842621891,209.71165298268866,210.35743861498796,13122500
2020-01-10,212.5702362060547,214.59309121814218,210.89022839675087,212.6367073214513,12296000
2020-01-13,218.8856964111328,219.51249858005286,215.61874333927784,217.29970752276512,17544800
2020-01-14,215.096435546875,218.59605946240524,213.56742594770589,218.4773475820076,17266900
2020-01-15,213.7383575439453,216.35952505709415,213.102063623474,215.24836913840093,10743400
2020-01-16,212.67471313476562,214.94448373869665,211.52557574101135,214.91599404631566,13700500
2020-01-17,215.98912048339844,216.53045357310492,214.01376769428157,214.53608833582192,12956200
2020-01-21,211.07920837402344,211.40211569175455,209.62617616341896,211.25965274508602,15831100
2020-01-22,211.1836700439453,214.2321973344322,210.83228753523582,213.38696937396125,10059600
2020-01-23,208.10667419433594,209.05636921353528,205.8653933693776,206.96702857833992,18519900
2020-01-24,202.997314453125,208.7714620254019,200.69430108682104,207.49887415186353,18143900
2020-01-27,195.1338348388672,197.55556001229448,189.4641544706016,191.09763104688693,24574700
2020-01-28,199.6543731689453,200.30017329588105,196.7483088257232,199.1890318994253,16196700
2020-01-29,201.35433959960938,203.21573369971975,198.98010208024712,201.86716852766546,12871900
2020-01-30,198.08738708496094,199.3029955394485,194.71596689849488,197.4226034756624,14376000
2020-01-31,196.19749450683594,197.47008238041565,194.4291628090384,196.11202543126632,18181400
2020-02-03,202.38002014160156,204.2034328913611,198.17286355151546,198.17286355151546,14118800
2020-02-04,211.66802978515625,213.0925723090344,209.39825927675824,210.21499757009622,16695100
2020-02-05,209.14183044433594,215.29584988043058,206.5966403529071,215.12491173915913,15766100
2020-02-06,209.78761291503906,212.39927408052876,208.72395918664026,211.90544313016943,10790800
2020-02-07,205.63746643066406,206.88156461797413,204.07047540673236,206.52069035577196,13790300
2020-02-10,204.91571044921875,204.91571044921875,201.5252920747192,202.75989857081365,17420300
2020-02-11,206.28326416015625,208.9423986552951,204.4598369474951,208.8474378468665,16073500
2020-02-12,213.02609252929688,214.1752299061185,209.13235155223748,210.00606925183905,18671900
2020-02-13,209.27479553222656,213.68137985265116,207.97371798986202,208.93290474481446,28069700
2020-02-14,208.58151245117188,210.49039413825324,207.25193078855602,209.9775652267611,10690000
2020-02-18,209.42674255371094,209.74014363830892,206.56815136898172,207.5558422703564,12987000
2020-02-19,210.96524047851562,212.3138055996721,209.6451650472206,210.37643423311928,10798100
2020-02-20,207.0714874267578,211.30713342112293,203.44366013220778,211.30713342112293,14950100
2020-02-21,201.89566040039062,206.6536417149751,200.91747569113826,206.59664784129004,17681200
2020-02-24,195.7891387939453,196.8527926334503,192.32274309930676,193.31043408558716,19380200
2020-02-25,195.2667999267578,199.38847296833205,193.83276561723216,198.02090977692393,18132400
2020-02-26,198.23934936523438,202.36102239210948,196.3874324302758,196.39693865511327,19482100
2020-02-27,194.71595764160156,199.40745309035145,191.70542633953224,194.69695968475455,22741200
2020-02-28,197.53656005859375,198.41027771990943,188.57239335625826,188.97030709851802,31251100
2020-03-02,200.3666534423828,200.49011843350902,193.50605747068482,198.09688289953183,21542200
2020-03-03,196.9762420654297,200.75602408175067,192.0663206883344,200.46162095237833,20813800
2020-03-04,201.29736328125,202.00012832331117,198.34381118256584,198.95161541712483,12474400
2020-03-05,200.822509765625,204.32687212015233,198.6192104242291,199.43594869854715,13462900
2020-03-06,194.34559631347656,196.58687723258774,190.9836821804081,196.30196581662005,21700500
2020-03-09,187.7167205810547,189.83453641191434,184.17434773317314,185.7793346308617,25502600
2020-03-10,196.007568359375,197.01424283265985,190.69877630274445,195.19083000518592,19022600
2020-03-11,188.90383911132812,192.88306354697804,186.24469016827652,191.50599418081487,18908200
2020-03-12,175.78855895996094,180.90455991689905,174.67740300294705,177.11812622900845,30247100
2020-03-13,184.24082946777344,186.13072772914444,178.362215116164,185.0955491688261,23650500
2020-03-16,169.8529510498047,178.54265422211574,165.721772137017,167.28876303982878,26628500
2020-03-17,175.51312255859375,179.86272719747495,170.65068901942647,172.14170256542477,19276500
2020-03-18,170.94509887695312,173.2338672898037,161.4481489393446,167.14631890190972,22054200
2020-03-19,171.78082275390625,177.83037479188727,168.4663822472301,170.24230712065307,20905700
2020-03-20,172.17970275878906,178.82756761826977,170.94509638664644,178.29574074810256,21006100
2020-03-23,167.46922302246094,169.52056782529283,161.4006721824807,166.45305684598924,22554700
2020-03-24,176.40585327148438,179.30242603501583,172.06573999296086,173.87966099304734,20801500
2020-03-25,179.07449340820312,185.370976124876,175.2329787321335,176.47233828772664,19605200
2020-03-26,185.49444580078125,186.44414085937743,178.16279878912297,179.1504752739365,15416800
2020-03-27,179.10296630859375,183.04420902745773,178.5426497685897,180.4135499706732,13376400
2020-03-30,181.64816284179688,181.8475906724832,177.60245295353025,178.04881075332676,12254400
2020-03-31,184.69668579101562,186.89047899664345,181.01187892036646,182.34144616886934,19084800
2020-04-01,178.1248016357422,183.1676800433051,175.73156604715086,179.96721235522617,17948600
2020-04-02,179.3973846435547,181.6766614010361,176.3507700713641,176.7192522052292,13412100
2020-04-03,177.6974334716797,180.96438661678263,176.08295485681717,180.5560102280469,9483100
2020-04-06,186.56756591796875,186.97594227289093,183.0062099339485,184.94359570432448,13248700
2020-04-07,188.03961181640625,191.31605669981658,187.13740445593032,189.98648948345163,14934500
2020-04-08,186.12123107910156,188.8563574490812,184.13067687044057,188.36251196756902,13608000
2020-04-09,186.49159240722656,190.27138873606816,183.67099725077307,188.65689573059763,17821300
2020-04-13,189.4071807861328,190.2476556783263,185.6938697079244,187.4697947926344,16117900
2020-04-14,194.47853088378906,197.50806009571673,193.9751937191134,194.63997728649684,16757100
2020-04-15,197.69801330566406,198.6287103805868,191.18310479881245,194.46905598953424,10768100
2020-04-16,201.96214294433594,202.52245951857537,198.6002145165078,199.93928794947655,16353800
2020-04-17,198.9611053466797,204.1654299636069,198.34475131205843,204.1654299636069,13558500
2020-04-20,201.45880126953125,205.22909150925125,198.82814211054173,199.31248133477345,19295400
2020-04-21,196.90977478027344,201.4588223371137,194.715981459932,199.34099187106213,14107600
2020-04-22,199.39797973632812,201.3353512686357,198.68570844646266,201.3353512686357,13471100
2020-04-23,194.9154052734375,199.96777509282555,193.2249493478532,199.66388023096545,20424000
2020-04-24,194.07968139648438,196.11202822801303,192.61715739260532,195.53271366667468,14673900
2020-04-27,193.44338989257812,197.3276392262065,191.86689260855013,197.1092134190353,17286800
2020-04-28,191.03115844726562,194.8679346634779,189.375843526159,194.50704589796968,17203800
2020-04-29,196.30194091796875,196.662829631833,192.32271680648978,192.72158694177384,19117800
2020-04-30,192.4746856689453,196.30195539460448,189.26471190244573,195.8745955389405,20107400
2020-05-01,184.69668579101562,187.45081007890897,183.15818447614856,185.90280253935506,22276200
2020-05-04,181.53419494628906,185.19052652283358,179.9956936708205,184.96259450412884,25709400
2020-05-05,185.2095184326172,188.29602710720962,184.43076159586934,186.50110418070983,22957200
2020-05-06,185.3519744873047,188.9038390630847,185.1240424666913,187.72621202670942,18598900
2020-05-07,186.60557556152344,188.12507886513424,184.98159073718406,188.03960979311523,16164600
2020-05-08,191.06915283203125,192.80709654343667,188.6854089396986,189.74907726866167,23819700
2020-05-11,195.06735229492188,196.24497934248924,192.19928375372407,192.57915596716074,17920700
2020-05-12,190.23341369628906,197.58405862134794,189.95800850712016,196.53938826685243,17826800
2020-05-13,189.42617797851562,194.3835727272552,188.02061889363839,193.3768983091649,22429700
2020-05-14,191.17361450195312,191.61997233016956,184.2693275017505,185.66538037022383,20025900
2020-05-15,193.43385314941406,194.2031182024435,190.03395810916427,190.60376636291147,17209500
2020-05-18,204.45034790039062,204.6307922773309,199.78734175675166,201.81019683752947,23556600
2020-05-19,206.2737579345703,209.49322351156715,204.36487613816914,205.82740011048907,21438100
2020-05-20,205.88438415527344,210.03170662501842,199.98678599145612,208.93291165140448,38324100
2020-05-21,201.4873046875,203.78556496273092,198.98960207623495,200.66106014244025,29850700
2020-05-22,189.65408325195312,194.5735107486065,188.97980793604285,193.00650534809157,51979300
2020-05-26,191.57247924804688,196.39693165470234,190.88869767915423,195.58019336359146,28683200
2020-05-27,191.05963134765625,192.7785914540969,186.8524894929907,192.7785914540969,23605400
2020-05-28,189.4546661376953,192.18977796122016,187.67872658333602,188.98931035767248,18763200
2020-05-29,196.95724487304688,197.42260063846606,186.8050030352439,189.9389994239787,43179500
2020-06-01,196.17849731445312,196.7767952927779,193.68079490100436,195.5421889309852,16169700
2020-06-02,203.54812622070312,203.77605823208216,196.7483067054468,196.78630261960762,22485800
2020-06-03,207.61282348632812,207.95471426425786,202.99730522987474,204.75424676752382,19999500
2020-06-04,207.0714874267578,208.932895966953,205.43802539018867,206.3497244575205,14962400
2020-06-05,208.5055389404297,209.49321535858226,207.69829239862753,208.93289878971498,11983200
2020-06-08,207.9832000732422,209.3127672452688,204.49782124474817,208.55302285622236,12731200
2020-06-09,209.61668395996094,209.61668395996094,205.32405845326423,205.4285254841085,14140100
2020-06-10,212.4277801513672,213.6813845632458,209.50273217270976,210.83229943573588,13372400
2020-06-11,204.412353515625,208.88540877394027,202.81685840753113,207.03350645389907,15560300
2020-06-12,206.69161987304688,208.45805315827278,203.12077187860123,207.5083581552738,12716500
2020-06-15,206.1123046875,206.76759655608112,202.04761124685885,203.33919702648657,17419900
2020-06-16,211.4210968017578,213.52942086642787,209.02787582931805,209.88259553501857,17212400
2020-06-17,212.96910095214844,213.6813721927911,211.30713472398227,213.11154940379876,12486700
2020-06-18,212.29481506347656,214.659560843001,211.70600879749847,212.48476565745275,10358800
2020-06-19,209.5406951904297,215.10590823025086,209.0183600647,214.99194947234443,19545200
2020-06-22,210.27197265625,210.9082665649715,208.40582546598517,209.80661689112728,13303600
2020-06-23,217.24273681640625,218.64354277377734,213.23502265442102,213.79533924089105,18263400
2020-06-24,214.8400115966797,219.40804238835182,212.97100956844642,216.81537900492637,12159500
2020-06-25,210.9842529296875,213.38698021436485,209.7591382167025,213.29200491417203,14953100
2020-06-26,204.8587188720703,211.079209651968,202.75988650449244,211.03173649398695,19340600
2020-06-29,204.20343017578125,205.60897476793008,201.1644089665961,204.2129219092863,12333000
2020-06-30,204.84921264648438,205.54248595263817,202.18057196238368,204.88720856230418,12933800
2020-07-01,205.0866241455078,205.6564469191854,203.93750135655793,204.95366743047572,11788100
2020-07-02,212.351806640625,213.7051104153023,208.98987824385478,210.68984039967128,18128700
2020-07-06,227.9268035888672,228.38265313851008,221.1080003372743,221.57334162023616,33702900
2020-07-07,224.61236572265625,229.16141301915664,224.25149146624295,228.88599334612965,16491600
2020-07-08,244.7174072265625,245.48665787866227,231.74458419093204,232.54232453450248,39922700
2020-07-09,248.42120361328125,254.51825822296405,243.03644923101655,252.1914938962529,36803900
2020-07-10,247.87991333007812,248.7251268505123,242.84652668602345,247.12013990353825,20335000
2020-07-13,239.00975036621094,252.29598926981842,238.06954705431886,248.29778124326364,21568700
2020-07-14,236.07518005371094,237.1863214422447,229.0949161487223,234.16629835923433,19782600
2020-07-15,236.67349243164062,239.79798254089906,234.1377940818275,238.82928960339714,12614700
2020-07-16,230.30104064941406,232.72276583077078,228.62958264338695,229.60776734746818,18032100
2020-07-17,234.70762634277344,235.4578790314231,232.1814341151347,234.1473097596253,18742400
2020-07-20,241.9917755126953,244.7079182260858,239.73149682332308,243.54928919129796,19015000
2020-07-21,244.92633056640625,248.74412295064937,243.61574685136105,248.06981864471746,17120700
2020-07-22,239.03823852539062,243.3783373201473,237.0438876373129,242.8939980668705,19682200
2020-07-23,239.2091827392578,244.69841871443091,236.17965335164305,239.41811679986543,25712000
2020-07-24,236.47406005859375,236.9299096108104,229.72172788450175,232.6372985526448,17221500
2020-07-27,238.240478515625,240.14936017056115,233.4445160639431,234.67912241158325,18966900
2020-07-28,236.5215606689453,238.99075916235748,236.02771517378417,238.5159116261786,9878700
2020-07-29,239.75050354003906,241.5074451135458,237.51872895042325,237.74664647956425,11493600
2020-07-30,240.0259246826172,241.0895784683263,237.0628663648338,239.03823374629073,7032900
2020-07-31,238.39244079589844,241.6024000127789,235.6193331599872,241.4124639127403,12304100
2020-08-03,244.96434020996094,247.53800564566103,241.2225394448626,241.24153740314125,11530300
2020-08-04,249.0100555419922,249.3519318509685,245.80008161210242,246.9966776759126,10994500
2020-08-05,251.58372497558594,252.59610896474084,248.5874381830292,250.47256898920682,10673800
2020-08-06,252.31497192382812,252.33398437340853,246.16096659744716,250.1686808359055,10359500
2020-08-07,239.41812133789062,244.7933986514159,235.11600403862784,244.46099959654995,22529600
2020-08-10,235.6478271484375,239.08571844278566,233.71994744005153,236.79694999390716,13621700
2020-08-11,235.92323303222656,240.15887915990018,235.3629164532945,238.64885307821456,10681800
2020-08-12,242.3526611328125,243.1978745832464,236.17013761854562,236.71147070592363,11112300
2020-08-13,240.9566192626953,244.04312804732425,240.15887893163207,243.49231769339664,8794500
2020-08-14,241.1940460205078,242.90349995922494,238.98125487916786,242.63758651222406,7876400
2020-08-17,244.0336151123047,244.4277466459582,237.50447658478828,240.2728310885961,9760000
2020-08-18,246.16094970703125,248.269273715915,243.178893566787,245.69557946013254,13267800
2020-08-19,247.4810028076172,248.14580086359874,244.43249014224014,247.76592868120488,14096500
2020-08-20,244.99281311035156,245.85703901284384,241.39346105104644,243.96715529274198,21460800
2020-08-21,252.4289093017578,253.9769167269703,245.31570331088037,245.99948484280276,25648200
2020-08-24,262.1347961425781,263.03701796032755,257.9561440558034,259.49464527563674,22475800
2020-08-25,271.61279296875,274.5758369821352,262.15383808392954,264.0722117124946,27535500
2020-08-26,277.2729797363281,277.7668397485585,269.8083899880888,274.7088202960667,19530300
2020-08-27,269.8748474121094,275.6489803991395,267.9089717589151,275.57301754955927,14805800
2020-08-28,274.46185302734375,274.9367005239308,269.3050161701817,270.7485421261457,9681500
2020-08-31,272.5909423828125,274.64228696807817,269.342972877211,274.10095388674625,13253800
2020-09-01,283.0091247558594,283.0091247558594,274.33840431659263,274.65181991307304,13797100
2020-09-02,281.17620849609375,283.95880791892324,275.2121249940823,283.95880791892324,12638600
2020-09-03,268.2888488769531,276.1076897665298,264.16717588005804,274.46186663872373,16766200
2020-09-04,267.2347106933594,269.5044668486014,253.93897966188936,265.53474839640836,15885800
2020-09-08,256.4366455078125,260.1879525269188,253.17919846062676,256.63610233450015,12734000
2020-09-09,259.4091796875,261.77393991119527,257.25338250245807,260.64380055901097,9465700
2020-09-10,254.09088134765625,263.1604858332704,253.94843289655046,261.0711452757491,10676800
2020-09-11,257.9466552734375,260.71977753572355,254.63222886629063,258.91536276060503,9412800
2020-09-14,260.3114013671875,262.3912357043846,258.08911857861887,261.50799734109927,7883300
2020-09-15,263.9772033691406,265.05986953673914,260.9761638130767,264.0151992826678,8291400
2020-09-16,264.148193359375,269.338273295173,264.015222141712,266.8927969647522,9583500
2020-09-17,261.8498840332031,262.02082216272396,258.62188352629056,259.3711652255957,8016900
2020-09-18,258.7064208984375,263.32192473096603,256.9399731107251,262.0968390365887,11753500
2020-09-21,260.04547119140625,260.42534336474165,252.99872209912002,255.5629099883148,9076400
2020-09-22,261.4415283203125,262.41971294986286,256.4651071234014,262.134787078241,9673300
2020-09-23,259.2192687988281,263.8537561779809,257.8421994189194,261.54600422182875,7353200
2020-09-24,256.1612548828125,257.604780917333,253.88578926508254,254.4517864126351,9562100
2020-09-25,257.45281982421875,258.1366013987917,251.25131249495806,254.109903783191,11466600
2020-09-28,262.12530517578125,264.81292905771363,260.40540326356535,261.6694411787261,8761700
2020-09-29,262.9990234375,265.2497958993391,261.07114379046067,261.5744809697648,7673300
2020-09-30,279.19134521484375,280.1600236766071,269.43795906218537,269.7228849502743,24777700
2020-10-01,275.4590148925781,280.7203331497949,273.74957553682214,280.40694656144944,16304000
2020-10-02,273.6736145019531,277.2909936298488,272.0971173609351,272.2015698969445,11482800
2020-10-05,273.7685546875,275.41153739597087,270.54910385567956,274.5188218182341,17876400
2020-10-06,277.6813659667969,281.9074917992413,272.47702635203166,272.951873905052,15860400
2020-10-07,281.5845642089844,284.4431553999399,278.13716676209316,282.9996004680809,16669300
2020-10-08,285.4213562011719,287.0927997680219,280.57886210667783,283.11357522117214,15105800
2020-10-09,284.6615905761719,287.38721078575963,282.7622004390495,283.5314511259926,11442200
2020-10-12,290.9295654296875,294.0635763472122,286.1288641174332,288.6598094301874,14780100
2020-10-13,293.246826171875,294.414961476374,287.78607982446186,290.9485514786243,10898500
2020-10-14,285.8962097167969,294.36747344376334,285.66826319378004,293.4557742988758,15157800
2020-10-15,284.3956604003906,284.77840186579164,277.8902437666355,279.0203831503888,9709900
2020-10-16,291.85076904296875,294.4054509195393,287.71011274158377,288.69777467734684,12338000
2020-10-19,289.9324035644531,298.0237947791549,288.1469722724672,294.3010064950243,14107300
2020-10-20,294.2250061035156,296.11488988218287,291.613344849325,292.1261882652175,8806100
2020-10-21,292.47760009765625,298.2042603716115,292.2211928552025,296.0674464039805,11139700
2020-10-22,290.8725891113281,296.162397320228,288.90671346722905,295.79200235145925,8008400
2020-10-23,294.3294982910156,294.71884775124596,288.76427030955864,291.81278325985863,6231400
2020-10-26,291.43292236328125,299.5907995610351,287.94755767612213,294.32950972486003,9350100
2020-10-27,301.1863098144531,303.2566381209235,290.23629778324374,292.2686591540606,13175900
2020-10-28,292.4490966796875,297.7293988510866,290.6066859599123,297.7293988510866,13644500
2020-10-29,296.836669921875,299.70473841759144,293.3702889328475,293.8736261287075,11174500
2020-10-30,289.3625793457031,295.1936917255352,285.0889517352728,293.0283882288795,14918500
2020-11-02,295.2031555175781,295.7729782468742,290.0273357672435,295.30763702610324,11857600
2020-11-03,271.20440673828125,279.47624203150264,266.6553595961493,271.80271922244697,58132500
2020-11-04,280.83428955078125,284.1202549919206,270.94796150253325,273.3127216697516,28791200
2020-11-05,273.27471923828125,276.598651531362,265.5347112665854,274.547306981174,50065200
2020-11-06,284.8610534667969,285.7537691688237,275.20835119347595,276.82661214855574,25259600
2020-11-09,275.9148864746094,288.70727925070435,275.88639678397897,288.4888389676104,22559900
2020-11-10,253.1317138671875,265.9146004749494,251.032867046117,265.88611078419416,61064000
2020-11-11,252.28646850585938,258.24107464681873,248.0650673160411,248.74412473895737,41699000
2020-11-12,251.01390075683594,257.5573136778422,249.807798455808,257.40535898928545,27119100
2020-11-13,247.7184600830078,252.0870632279765,244.2330953851139,251.4032816141345,33942800
2020-11-16,245.3157196044922,249.36142968561055,244.10011113171188,247.31959117821134,20864200
2020-11-17,243.8816680908203,247.1866171744017,243.63476709511704,247.1866171744017,19739500
2020-11-18,242.96047973632812,245.31571933838558,239.8454812168081,244.79339866812637,28307100
2020-11-19,246.81626892089844,248.25028878755265,240.8046828180841,242.17224605557772,20752800
2020-11-20,257.12042236328125,258.66842989464055,248.72512180158495,250.6909974634606,34178400
2020-11-23,256.5221252441406,261.8594359617738,253.00922724155112,260.9287243457323,25317100
2020-11-24,265.8766174316406,266.4939134161499,259.07679741241026,262.33899758257775,20660500
2020-11-25,263.7492980957031,265.27829314306206,260.2639046731476,261.830924618189,15229300
2020-11-27,262.5716857910156,264.888943925116,261.7986094787737,264.7749561791444,9583200
2020-11-30,250.11167907714844,255.43948347692145,249.3139386982977,255.43948347692145,30476100
2020-12-01,250.72898864746094,252.3054858405835,248.41173050647518,252.11553524579122,14573100
2020-12-02,248.17430114746094,249.86475706631165,247.02514934499501,248.82008678333852,13919700
2020-12-03,253.48312377929688,255.08811082423583,249.90278366956858,250.51057346550584,15520500
2020-12-04,253.80599975585938,257.652253079689,252.87528818183978,257.38633962745376,15527600
2020-12-07,250.719482421875,252.590382749243,249.38991520551005,252.33397553042707,11388700
2020-12-08,252.70433044433594,254.8981235008446,250.59600645702224,251.85911699403653,9447700
2020-12-09,250.52952575683594,254.43278722080905,249.8647566559564,254.10038817917382,9060700
2020-12-10,251.5457000732422,252.7043290867558,248.060335791102,248.8105739441353,10290300
2020-12-11,251.23233032226562,251.97309128333592,249.294944353931,250.99490656573806,7771300
2020-12-14,243.15042114257812,247.7327113263509,243.15042114257812,247.22462099953395,18369900
2020-12-15,242.2766876220703,242.81800622680072,239.60804703921042,242.49511341056186,16595600
2020-12-16,248.7156219482422,249.94070755450733,244.10959568905866,244.77436475815978,15804800
2020-12-17,251.12783813476562,251.5267227810464,247.11064689363468,251.3842743296572,14306600
2020-12-18,246.92071533203125,251.57421532450243,246.160970877813,250.62452026553308,15981800
2020-12-21,247.3290557861328,247.35754547613357,241.69737153098805,242.33366542633053,10901800
2020-12-22,242.96047973632812,245.34420902981077,242.5616095651794,244.8978512092214,11468400
2020-12-23,243.29286193847656,244.40401785805767,239.82648093089523,242.6470762841792,10729200
2020-12-24,210.83229064941406,218.33487537604555,200.6040714103739,216.75363957230107,141830000
2020-12-28,211.17417907714844,213.6718815441944,204.48833270717623,205.9698545766408,73512100
2020-12-29,224.37493896484375,227.15755289344392,218.04998118000674,220.10131139852896,69715900
2020-12-30,226.3977813720703,231.14625618124262,222.84117837718267,231.10637641233748,44812300
2020-12-31,221.0225067138672,226.9011209074852,219.40517339469656,225.51457436382447,23451800
2021-01-04,216.3880157470703,218.79074298441716,213.71936057266117,215.10592167570363,24897900
2021-01-05,228.30667114257812,228.64856192063718,216.6444177560684,217.5276416373858,35823800
2021-01-06,216.1600799560547,226.31232184467277,214.4981137027762,223.13083779191854,37146100
2021-01-07,215.48577880859375,218.38235131038263,209.01835850417683,217.77454712076096,49361800
2021-01-08,224.3084716796875,226.59724018217443,215.27971742658832,216.41650829104864,34884900
2021-01-11,215.93215942382812,219.21335756876542,214.49812511155594,218.33488674706905,23036900
2021-01-12,214.25120544433594,218.19243403854279,213.81433935261558,216.89609510043854,18969900
2021-01-13,223.46324157714844,228.39216105997073,214.90648015447456,218.372875679528,38805100
2021-01-14,230.7568817138672,233.3400532135127,229.3228475138121,232.9696727517133,31381600
2021-01-15,231.21275329589844,234.5651755187879,229.96864066134987,233.8623959952104,21561600
2021-01-19,238.99073791503906,240.1588731838485,234.5651702846136,237.42374698143976,23681900
2021-01-20,252.13453674316406,255.46797573812793,249.48490834539692,254.0434331224878,44640800
2021-01-21,246.92071533203125,251.2893183997689,244.92634991171698,250.84296056275755,20709900
2021-01-22,245.61012268066406,247.23409305802917,242.64707884042167,243.88167077972528,13518200
2021-01-25,248.2312774658203,251.85911922993975,244.8788553598122,250.3585849377104,19478600
2021-01-26,252.5429229736328,252.61888582613955,247.98436929861242,250.5295451022894,14681200
2021-01-27,247.1581268310547,252.5429103004332,246.87322992045972,251.79264312601083,16050400
2021-01-28,247.6425018310547,248.41175253812244,244.38502563405066,246.13249011042558,10244900
2021-01-29,241.0610809326172,245.87602699413804,239.60804875792425,243.15040701135513,14693000
2021-02-01,251.37477111816406,251.66917424869388,242.3574217572661,245.7810536733151,15289300
2021-02-02,241.6973876953125,251.66918561594426,241.26052160075847,251.26082370449262,30534300
2021-02-03,250.1781463623047,254.78417289898974,248.10781822248046,251.3842775584707,29179700
2021-02-04,253.53057861328125,256.4081534121325,252.19912750428182,256.0187749696116,16763000
2021-02-05,252.3054656982422,253.04622658696812,249.96919529485405,251.29876240508145,11018700
2021-02-08,249.38040161132812,251.6691699936859,248.64914690953546,251.65018652772443,10721100
2021-02-09,253.08419799804688,253.75850227999254,249.33292033428543,249.76977189629727,12432800
2021-02-10,254.31883239746094,256.7975224381781,251.2893030261013,255.1830583261376,13090800
2021-02-11,255.40147399902344,260.4633646704267,253.75852016813204,255.23053585171542,15295800
2021-02-12,254.37582397460938,256.6550862894898,252.31497297166942,255.55343655777918,9355100
2021-02-16,257.08245849609375,260.49186020617213,256.7975325951291,257.3673554146659,16708700
2021-02-17,257.2059020996094,258.6171707631425,254.3378334325339,257.2629104673994,13262400
2021-02-18,251.203857421875,252.78983199134996,249.1335000999488,251.8876390456757,15382300
2021-02-19,250.3301239013672,255.83837278213358,249.62735881304633,252.66636569468858,14718400
2021-02-22,241.2225341796875,246.40786085446462,241.2225341796875,245.0118080209794,14403500
2021-02-23,240.03541564941406,242.077254140359,229.4653054685005,234.86907243613305,15980300
2021-02-24,237.74664306640625,239.32314024591312,235.6193355385856,239.32314024591312,12831700
2021-02-25,228.0977325439453,237.7466369849313,227.9932800080577,237.42374417074598,17967300
2021-02-26,225.7994842529297,232.58030616156452,225.69501722038112,232.32389893810574,17470700
2021-03-01,229.5317840576172,230.57643985010637,227.22401770045764,228.92397984470853,14043300
2021-03-02,222.6274871826172,229.06641774795335,222.48503873739972,226.77764945349395,14644200
2021-03-03,224.3844451904297,227.5554666428485,222.65694972675635,225.55256600102646,13571700
2021-03-04,218.9047088623047,224.47941416447856,216.87236203646302,223.17833658412843,22964800
2021-03-05,222.12416076660156,224.53637966654324,216.8533506706555,223.57719294289,15988400
2021-03-08,215.28636169433594,219.1991004539863,215.13440701657197,217.49915278148836,17138400
2021-03-09,226.16036987304688,226.73019267746852,221.35016231240087,221.63982682686057,15291300
2021-03-10,222.5135498046875,229.18515163525893,221.88674760312028,228.8765036468375,10491200
2021-03-11,228.68655395507812,229.56027159724883,223.1783201759019,225.26764623250105,15162500
2021-03-12,220.20578002929688,223.60568994569326,218.15063861132418,221.93898503673734,17778400
2021-03-15,218.6957550048828,218.85720140971182,214.87797719461238,216.91983006056876,14499700
2021-03-16,215.5142822265625,218.2874044152597,214.1847150055673,216.596948452339,19336600
2021-03-17,221.60182189941406,223.77663150635803,214.4506198998382,215.10591175091568,16949500
2021-03-18,224.536376953125,227.45194749473947,223.71014695848947,226.5592318957931,14822300
2021-03-19,227.72735595703125,229.44631606667633,224.96755123441403,227.60390546197502,15959700
2021-03-22,225.19166564941406,226.53073902905572,223.17831695913537,223.99030209734568,12063200
2021-03-23,225.71400451660156,228.99044930457288,223.6531681456677,225.36262201062527,12295600
2021-03-24,218.0404815673828,225.36263672916638,217.70809699686325,224.91627889940906,15949900
2021-03-25,211.5160675048828,217.70808284372694,211.3071334495921,213.6813709040819,24819800
2021-03-26,215.82766723632812,217.70711723571932,209.33175731291414,210.83227705976032,22030800
2021-03-29,220.1962890625,220.69013453300428,213.77635591072848,214.1467363908077,18029100
2021-03-30,217.71759033203125,218.85722149441764,215.23888567052254,217.7365882905767,14828700
2021-03-31,215.3243408203125,219.8733879331542,215.0774253399778,218.32538046374432,16825400
2021-04-01,213.0735626220703,219.61696034190678,212.25682437369153,219.07562725685793,23497500
2021-04-05,213.96629333496094,215.17241008159766,211.3261423086637,215.13441416529625,14962100
2021-04-06,218.97117614746094,220.32923299853164,214.38414770428085,214.65955286940311,18100400
2021-04-07,214.0802459716797,216.71090518917558,213.49143970663278,214.7355378427523,18034900
2021-04-08,216.75840759277344,217.87904081752657,215.21989172820486,217.00532309368597,12211300
2021-04-09,212.07638549804688,213.74785795165738,210.1865017458789,213.53892389495607,19763000
2021-04-12,231.73507690429688,232.5898111180875,224.74532096867387,225.92294801178286,57500300
2021-04-13,229.72174072265625,233.33058489977756,227.63241445943765,231.40270506009165,20793000
2021-04-14,227.19554138183594,232.76075492087315,226.64471651721902,232.07697332970707,12405200
2021-04-15,227.0625762939453,228.8290095908779,226.14802243451717,227.9268022302888,11288900
2021-04-16,226.6826934814453,229.72171447076394,225.85646349919804,229.72171447076394,14418800
2021-04-19,222.96939086914062,226.4262800883833,221.09849056044547,225.4955830462168,11216000
2021-04-20,218.31588745117188,222.82693862294173,216.93881813209632,221.15546617756297,12093900
2021-04-21,217.8980255126953,217.9455131614562,214.69755796471355,217.79355848189968,14315900
2021-04-22,217.81256103515625,222.22863713037108,216.3595287978303,217.25698306620401,11986200
2021-04-23,220.40521240234375,221.27893004383088,218.91418432996562,219.04714104733984,8967000
2021-04-26,220.99403381347656,221.74430101321457,219.20861698498888,219.8544026590555,7792900
2021-04-27,224.05203247070312,225.0112191602469,220.4052073144553,221.69679303535912,11646300
2021-04-28,224.81179809570312,227.18603555912412,224.44141763105728,225.61904462974445,9187700
2021-04-29,222.39956665039062,226.07489612971685,220.89906131272156,225.82796615701022,9552800
2021-04-30,219.33206176757812,222.08618601774438,218.91419364057387,220.11081863903078,9326400
2021-05-03,219.10414123535156,224.28946785363274,218.81447672306675,219.63596812018082,13620900
2021-05-04,216.43548583984375,219.83539569663733,214.10873597586706,218.6672748980393,13260500
2021-05-05,215.37184143066406,217.76507700476444,215.32435378011198,216.53047054639222,10013800
2021-05-06,215.0299530029297,216.94834107503317,211.66803887827783,215.6852449106559,12247700
2021-05-07,213.9757843017578,217.28071893952634,213.72886881146803,216.4354909448006,10550000
2021-05-10,208.48655700683594,211.65853505436613,207.56535163207468,211.65853505436613,17266700
2021-05-11,210.2434844970703,210.2529762302742,202.28503573112332,202.9593255596865,13887700
2021-05-12,208.83792114257812,213.9567765256475,207.98320145363041,213.43445587751026,20366900
2021-05-13,195.71315002441406,204.6592753082245,194.1081631338,202.42748623112283,51693900
2021-05-14,198.9705810546875,200.3286523501597,195.6561549985782,199.363756149801,31626800
2021-05-17,200.43313598632812,202.4274868248254,198.90412643121562,200.02002097303927,20529800
2021-05-18,202.9688262939453,204.34588121175153,200.78452479094423,201.8101971790803,19519400
2021-05-19,201.84817504882812,202.1995720635041,199.54991481803236,200.4806263799351,17030400
2021-05-20,206.07432556152344,206.6821297886437,201.93365473576813,202.28028414026272,19123400
2021-05-21,200.442626953125,205.02965560092093,199.3124875700338,204.40285341499197,22825500
2021-05-24,199.85382080078125,201.34483443537002,198.20134626177332,199.4644423676685,15884200
2021-05-25,200.5091094970703,203.28221715134842,200.39513624333586,202.12358809488487,14116100
2021-05-26,201.12640380859375,202.99730409805628,200.89847179417956,201.62024926089336,9405800
2021-05-27,202.0381317138672,204.62130342910885,201.83868937570074,203.39618869007913,18680200
2021-05-28,203.19674682617188,203.73806543608822,201.39231764699443,202.05710124303008,10401500
2021-06-01,208.43905639648438,211.9054518720346,207.261443860375,211.80098484145756,23052800
2021-06-02,208.54351806640625,208.87591710729674,206.52067760442415,208.3915633910737,13126400
2021-06-03,206.12181091308594,207.69830820179186,205.42378445937075,207.03352455330042,12448100
2021-06-04,208.002197265625,208.05917664547445,206.2167660773001,207.29941776802588,8999100
2021-06-07,205.98883056640625,207.41337300321734,204.83970778244785,207.03350081654574,9928600
2021-06-08,204.9631805419922,207.25193446401292,203.9375082096231,206.35921885114377,9443000
2021-06-09,202.5889434814453,205.67545221812463,202.5794372571211,204.383866444051,10233600
2021-06-10,202.35153198242188,203.99450036725838,201.53479365685521,202.75989389960694,10735900
2021-06-11,200.9934539794922,202.72190587619255,200.38564974474838,202.71239965160223,12276600
2021-06-14,203.17774963378906,204.3411173084328,201.567067733103,201.57276277297711,10773100
2021-06-15,199.492919921875,203.70007610780226,199.09404977973205,203.39616676643908,12167000
2021-06-16,198.7901611328125,200.97444800444237,197.75118589308076,199.19852302041787,10917800
2021-06-17,200.95547485351562,201.80070285355,199.21753120354003,199.34098170386224,11233700
2021-06-18,201.6202392578125,203.0827630936215,199.99625452947356,201.34481960932712,13724600
2021-06-21,200.442626953125,201.1264085211937,198.4767658133244,199.9582877137413,9273800
2021-06-22,200.68955993652344,201.01245276761546,199.30299882184005,199.8348257180377,11092100
2021-06-23,204.05148315429688,205.44753606535997,202.40851474206494,203.41518919685672,13785800
2021-06-24,207.3944091796875,208.53404033882987,204.71626218906633,206.07433364286828,13488200
2021-06-25,217.00531005859375,218.6672763281891,209.97757277221172,210.55688730868994,27383900
2021-06-28,217.0907745361328,219.27507591388652,215.31484953997088,217.95500045591464,13564900
2021-06-29,217.8980255126953,218.08796161654305,214.2530984971684,215.29585596727415,10273800
2021-06-30,215.37184143066406,216.5114725879321,214.3271710833038,215.57128376650425,9348600
2021-07-01,210.7088165283203,217.33769779505965,210.40492167597884,216.59693688418312,13316400
2021-07-02,206.79608154296875,208.45804775513955,205.57098139698022,208.1351549403761,12989200
2021-07-06,200.95547485351562,204.56430438729186,198.84049926113096,204.48834153687642,23719900
2021-07-07,197.53656005859375,201.38282770797377,197.36562191431696,200.9649595892585,18340400
2021-07-08,189.7965545654297,192.10430649636345,188.28652847810213,191.56298787317485,33992500
2021-07-09,195.58018493652344,196.84138264219223,191.36353694043575,191.8858720734998,16911300
2021-07-12,195.14334106445312,196.0692995643285,192.80709928172266,193.64282109846675,11259500
2021-07-13,198.9705810546875,202.10457724535166,197.7169912731387,198.7046676315955,17375900
2021-07-14,200.86048889160156,205.46651535533394,200.4141310903246,204.65926882335762,19484200
2021-07-15,203.9564971923828,205.70394704175504,202.43793578347956,204.28889624572108,14283600
2021-07-16,201.43031311035156,204.37435888368236,200.82250889659588,204.04197433200716,11150200
2021-07-19,198.40078735351562,198.56223376573223,193.0160184037663,195.73214670293115,15865800
2021-07-20,199.9962615966797,200.86048750306674,197.0303631420981,198.48625006213214,9986800
2021-07-21,200.46163940429688,201.1929086740848,197.93544701135446,198.62872036283824,7650300
2021-07-22,203.27272033691406,205.50450948125115,201.90517164955457,201.94315307509387,10563100
2021-07-23,196.1405029296875,196.482393701908,193.31990768166733,195.91257091780872,25539900
2021-07-26,182.11349487304688,188.58566815071453,181.2777731872225,188.39097895078646,55736800
2021-07-27,176.7097625732422,177.49799670206917,170.6317056388738,174.35450844671627,59265700
2021-07-28,186.1497039794922,188.03960216760288,180.21411047672694,180.6604682674305,34535200
2021-07-29,187.60275268554688,191.02166064169953,185.10506457290958,190.9314384531902,23363200
2021-07-30,185.37098693847656,186.1829721829036,180.9074229136489,180.9928919938629,17250600
2021-08-02,190.02447509765625,191.9048816909435,186.37764965990493,186.39664761804212,17889200
2021-08-03,187.4508056640625,187.5077850460569,182.34144187435874,185.20001863691274,20115900
2021-08-04,190.61329650878906,193.04925209658623,187.00445248402838,187.5552773422831,22327300
2021-08-05,189.25521850585938,190.21440523935917,187.69771928497101,189.24572677268657,9881400
2021-08-06,186.51060485839844,189.2932188092869,185.83631501640826,189.22673320194878,11967700
2021-08-09,185.42794799804688,185.66537174708407,183.12019611317928,184.79165408957067,14657200
2021-08-10,185.8837890625,188.4669604935296,185.25984168114354,187.346327404948,9983700
2021-08-11,185.0575714111328,187.01394082564656,184.93410642186095,186.7100459559259,8985100
2021-08-12,182.0185546875,183.27214460379813,180.14290118863713,181.55319890147018,12873400
2021-08-13,179.1314697265625,179.73927395866738,177.31756325479694,179.1219779932094,15377000
2021-08-16,173.51876831054688,176.89017374384687,172.37912279322293,175.69356334009044,21020700
2021-08-17,164.99050903320312,168.9412437288272,164.43968419178665,167.070343411132,40558000
2021-08-18,163.67994689941406,166.53852376973066,163.45201487164803,165.34191322915086,34339800
2021-08-19,152.47352600097656,158.84978213784316,151.485835145161,158.31414410410522,66663000
2021-08-20,150.01382446289062,158.5325750474146,147.67756845082243,155.8639344891775,75948900
2021-08-23,152.95787048339844,153.3472489013624,145.11339520013914,151.26741458577402,88699200
2021-08-24,163.0626220703125,165.39127017543365,159.69880993454169,160.5364299936118,62786400
2021-08-25,160.59344482421875,161.077784101203,157.725361607229,160.2135580951357,26055400
2021-08-26,156.9276123046875,159.97612524234108,156.52874213019058,159.03593643502558,18816500
2021-08-27,151.44786071777344,153.63216208584697,150.57414306878312,151.94170616848814,31718100
2021-08-30,154.12599182128906,155.07568680063108,150.27023252375176,152.1126431022665,23769400
2021-08-31,158.58958435058594,160.4984662171664,157.78233774768955,159.26385973264115,24629100
2021-09-01,164.5631561279297,165.99719042808718,160.811863600935,161.03028940360352,29550200
2021-09-02,163.34754943847656,169.2166579218289,163.03414833142426,169.05521150144375,29302400
2021-09-03,161.73306274414062,163.40452074121964,160.3844975718617,160.99704041829824,16423500
2021-09-07,166.3485870361328,167.94406775093321,164.64862479586728,165.38938576933836,24608500
2021-09-08,162.1224365234375,165.5983091393198,160.74536720853402,165.48435037882393,18993000
2021-09-09,158.90298461914062,160.5364467927441,157.25050999557868,158.88398666037878,17295800
2021-09-10,159.6437530517578,163.00566734953753,159.17839723317138,162.58779918447172,15064300
2021-09-13,157.08905029296875,158.4680034638447,154.81927986791283,156.21533264934843,15458600
2021-09-14,152.09364318847656,154.86580882584957,151.45734929944672,154.66732292550927,20925900
2021-09-15,149.91885375976562,150.0803001713392,146.17705312919114,150.00432283215238,31796600
2021-09-16,148.39932250976562,149.70896420473727,145.93961615268566,147.12673479890506,24358900
2021-09-17,151.9987030029297,152.3121041235325,150.13729423876674,150.50767474653424,25489000
2021-09-20,143.86929321289062,147.33567398440806,141.59001663784795,146.63289450447743,36177500
2021-09-21,142.62518310546875,144.90445971966236,142.04682501516834,143.9547647532138,19494700
2021-09-22,144.24916076660156,146.25301762671933,143.4229308236848,143.85029063929022,19832000
2021-09-23,143.5843963623047,144.9994327068631,142.08387645027383,144.90447189695516,24707500
2021-09-24,137.78175354003906,140.5548612252698,137.29741430264733,140.2794560489951,32067400
2021-09-27,142.62518310546875,143.394448200896,137.173943272419,137.62979279877965,24287400
2021-09-28,144.72401428222656,145.99660204992614,141.37159223486546,144.5055884991008,26299600
2021-09-29,140.15599060058594,144.4486160814479,140.06101530359155,142.8911168526319,17361300
2021-09-30,140.60235595703125,142.05538823360146,139.4760132151474,139.63366294225227,14291500
2021-10-01,136.94601440429688,140.9822181042676,136.12927613477262,139.69063234062915,20211000
2021-10-04,132.60592651367188,134.76172387675618,131.46628084313963,134.57178776206635,25218500
2021-10-05,135.9393310546875,136.59462287186525,132.18803899724927,132.3684833516831,14032100
2021-10-06,136.85105895996094,137.60321000060372,132.91932213435675,133.48913045489303,14875900
2021-10-07,148.1524200439453,150.32721521846432,143.1665212924664,143.45143269079003,46035900
2021-10-08,153.39474487304688,154.59135539066122,149.96634524471156,151.81824764977998,33499200
2021-10-11,155.70248413085938,161.25820538400234,155.70248413085938,161.07776102493827,42193600
2021-10-12,154.80027770996094,157.39294088032935,154.0785147607815,155.58377314982448,24512700
2021-10-13,158.9789276123047,159.80041895457447,155.37009842298232,156.11085931899646,18595000
2021-10-14,158.39012145996094,160.48895366045744,156.1868367272645,159.79566591829462,17403700
2021-10-15,159.54876708984375,161.2582210640456,157.1127969880056,158.58958031405095,20762800
2021-10-18,158.42813110351562,160.73588305961667,158.20019908057392,158.20019908057392,18945900
2021-10-19,168.0960235595703,168.51389169943977,161.87551809457858,162.0179810465503,33538900
2021-10-20,168.26695251464844,172.92995842508859,167.26978436133592,171.8473067087872,33714400
2021-10-21,168.49488830566406,170.73616912714076,167.8206129581497,168.09601813716347,16444000
2021-10-22,168.76080322265625,172.9299638071656,166.9658802031567,170.0713869957244,20807300
2021-10-25,167.30776977539062,169.31162684533334,165.08548690859047,168.91275667625607,13119700
2021-10-26,161.43865966796875,166.1016511451305,159.05491592291483,165.70278098061215,17577000
2021-10-27,160.71688842773438,163.7749076323091,158.92196537210978,159.10240974927356,11801800
2021-10-28,161.24871826171875,161.78055966924467,158.38064960705773,160.01412627361003,12440100
2021-10-29,156.6427001953125,160.08059155857677,154.5343760744167,158.66555524159807,17155400
2021-11-01,161.60960388183594,163.24783362904518,157.45944117716763,157.49742260279731,17609500
2021-11-02,154.70530700683594,158.69403753026447,154.57235028880135,158.69403753026447,19072900
2021-11-03,157.87730407714844,158.26666801892097,154.90475405117368,157.04156782905937,13569700
2021-11-04,156.50022888183594,161.39116670804475,156.22482371463516,160.76436454534536,16669200
2021-11-05,150.74508666992188,156.50498929256432,150.3367247665464,156.50498929256432,22098200
2021-11-08,154.00253295898438,154.00253295898438,151.45734301724016,153.62739940499557,16223100
2021-11-09,152.1316375732422,156.20582256513217,151.51432715609852,154.00253779896929,14010100
2021-11-10,155.72149658203125,158.10522591122162,153.6796580462607,155.4460769058673,17216800
2021-11-11,159.40631103515625,161.09676697043818,158.18119637401642,158.18119637401642,16747500
2021-11-12,158.41860961914062,159.35881282061402,155.18014641637131,156.86490720005992,13741800
2021-11-15,158.16220092773438,159.98562810308877,157.33597090444894,158.8080010713382,9655700
2021-11-16,159.95712280273438,161.39117153524455,158.28566481007144,160.1185837059036,11887500
2021-11-17,153.45172119140625,159.8336728069499,153.02909995690752,159.5677593639019,18829500
2021-11-18,136.376220703125,141.02972084705402,134.75223572330495,139.51970913203346,61571500
2021-11-19,133.2801971435547,137.76275884819174,132.95730431097226,135.84437082845565,28575700
2021-11-22,129.74732971191406,133.62208715386092,128.40827073962632,132.86232823542497,26390400
2021-11-23,126.93622589111328,129.9657549903283,126.6038268741909,129.18889655026413,24102900
2021-11-24,129.65235900878906,129.8802765230875,124.61897286090424,126.40440400928175,20010400
2021-11-26,126.641845703125,127.2401437541818,124.6189905297503,126.24296101415779,14814900
2021-11-29,124.9893569946289,127.78146255659107,123.98268263363745,127.49655116413047,18648900
2021-11-30,121.1146011352539,124.71395326895701,119.78502669772088,123.36633004736345,32625400
2021-12-01,116.32814025878906,122.6578583978058,115.76782367830675,121.91234433378332,29203800
2021-12-02,115.86280059814453,118.71188585875464,113.33660818918295,116.83148639868863,34478600
2021-12-03,106.32785034179688,112.24445332484207,103.23184264181893,112.06400895792869,70266500
2021-12-06,117.3823013305664,117.59123539124987,107.72390485535612,107.9233399372091,43111400
2021-12-07,119.22471618652344,122.93802002507074,117.24934876445525,122.7955715655547,38542800
2021-12-08,118.78785705566406,120.58278009728741,115.21700168510837,117.01192472673173,22275000
2021-12-09,117.67671203613281,121.33303637144748,117.01381952916509,118.36048635627021,23499300
2021-12-10,118.76885223388672,118.91130793043047,116.60354883233435,117.02141694336997,15008300
2021-12-13,116.09071350097656,117.04990746924852,113.72597500561875,116.81248372184639,15820500
2021-12-14,120.21239471435547,121.22856807347839,114.2483112798323,114.84661652079699,17691500
2021-12-15,116.30914306640625,117.37279678584964,111.84557240106439,116.46109049249922,24893500
2021-12-16,114.2008285522461,119.36717188808672,112.91874169745277,116.16669699508869,22533400
2021-12-17,115.957763671875,116.68903291485769,111.88357105490881,113.4790590220732,19781100
2021-12-20,109.21492767333984,112.85226135131721,107.97557537817933,112.53886025470236,23970500
2021-12-21,116.79349517822266,116.79349517822266,110.73443639485998,110.97186014666956,18036300
2021-12-22,111.8835678100586,112.69081437225594,109.3573828285784,111.19978623744801,24502000
2021-12-23,112.69080352783203,113.57401285426367,109.5852970586734,110.92437038377417,17563300
2021-12-27,110.72493743896484,115.67285480382758,110.26148726073785,111.87407477408739,17864400
2021-12-28,109.02498626708984,110.56348749277788,108.71158518570981,110.41154006415577,17052100
2021-12-29,106.4513168334961,108.45517400924548,104.82733913456336,108.07530177802721,21100500
2021-12-30,116.80298614501953,118.04709152334456,106.6507515112668,106.96414535494458,45437100
